﻿<?xml version="1.0" encoding="utf-8" ?>
<hibernate-mapping xmlns="urn:nhibernate-mapping-2.2" assembly="CodeBetter.Foundations" namespace="CodeBetter.Foundations">
   <class name="Model" table="Models" lazy="true" proxy="Model">
      <id name="Id" column="Id" type="int" access="field.lowercase-underscore">
         <generator class="native" />
      </id>
      <property name="Name" column="Name" type="string" not-null="true" length="64" />
      <property name="Description" column="Description" type="string" not-null="true" />
      <property name="Price" column="Price" type="double" not-null="true" />
   </class>
</hibernate-mapping>


<!--
Read general.txt for a breakdown of the common mapping properties found across all three classes.

(Check out the WootSomeoneJustMadeASale method for a sample of how Lazy loading is useful)

The only unique thing about the Model mapping is that it's configured to be lazily loaded.  
This mean that when you load a Model entity via the Load method, you won't actually hit the database
until a property is accessed. This is very useful when you just want to add a reference to an object
without having to load the entire object. The WootSomeoneJustMadeASale method is a good example of 
how handy this can be.

When you get an object back from Load that supports lazy-loading, you don't really get that object 
back – you get a proxy of it. As far as your concerned, it's as good as the actual object 
(all the properties, fields and methods are there and your intellisense works as you'd expect). 
I only bring the point up because you can specify what to proxy via the proxy attribute. It's 
typical to simply use the class as proxy (which is exactly what we've done here), but in some 
situations you might have an interface in place that you'd rather proxy.

In order to support lazy-loading, all properties and functions must be marked as virtual, 
a default constructor must be available and protected or public, and the class cannot be sealed.
You may be thinking so much for being transaprent. To that, I have two points. First, you can
simply disable lazy-loading in your mapping file and forget about it. Secondly, many developers
believe that public methods/properties should be virtual by default (yes, that's how it is in Java). 
In the end, the choice is yours.

It's a worthwhile effort to play with lazy-loading to really understand how they behave. 
The simplest solution is to start up SQL Server Profiler and play with some code. For example:

ISession session = _sessionFactory.OpenSession();
Model model = session.Load<Model>(1);
Console.Write(model.Name);

Step through the code, and you'll notice through the profiler that a SELECT isn't issued until
you call model.Name. If you swap out Load for Get, you'll see the SELECT executed right away. 

A important note on playing with lazy-loading
VS.NET can really screw up your testing of lazy loading. If you have a watch on model, you'll 
see the SELECT executed right away (because the watch window access the properties, which 
fires off the select). I've found that even having the the Autos window expanded causes the 
same situation. My suggestion is to minize all tabs/windows or simply run the .exe from the
debug folder.
-->