﻿<?xml version="1.0" encoding="utf-8" ?>
<hibernate-mapping xmlns="urn:nhibernate-mapping-2.2" assembly="CodeBetter.Foundations" namespace="CodeBetter.Foundations">     
   <class name="SalesPerson" table="SalesPeople" lazy="false">
      <id name="Id" column="Id" type="int" access="field.lowercase-underscore">
         <generator class="native" />
      </id>
      <property name="FirstName" column="FirstName" type="string" not-null="true" length="64" />
      <property name="LastName" column="LastName" type="string" not-null="true" length="64" />
      <property name="StartDate" column="Start" type="DateTime" not-null="true"  />
      <property name="IsActive" column="Active" type="Boolean" not-null="true"  />      
      <bag name="Sales" access="field.lowercase-underscore" table="Sales" inverse="true" cascade="all">
         <key column="SalesPersonId" />
         <one-to-many class="Sale" />
      </bag>            
   </class>   
</hibernate-mapping>

<!--
Read general.txt for a breakdown of the common mapping properties found across all three classes.

Setting up relations in NHibernate can be a little tricky at first. What's a bag? What's a set? 
What's cascading or bi-directional?

You specify a collection of relations (one to many or many to many) by using the set, list, map, 
bag or array element. It may be tempting to always use a list or array, but NHibernate adheres to
"actual semantics" of the IList interface and require a distinct column that holds the index of 
the item.

For this reason, the most common collection types are bags and sets. A bag is unordered and unindexed,
and works a lot like a list. Since .NET doesn't have an IBag interface, the NHibernate team decided to
use the IList interface (although it doesn't behave exactly like an IList ought to). In other words, 
on the domain side, both the list and bag elements map to an IList but with subtle differences. A set 
is a collection that cannot contain duplicates (which is actually a common situation for collections 
in enterprise systems). Sets come in different flavors (HashedSet, SortedSet, ListSet) and support 
useful mathematical operations. If you want to learn more abour sets, check out: 
http://www.codeproject.com/KB/recipes/sets.aspx. It turns out that we'll use Sets and Bags in most cases.

Cascading relationships means that updates to our entities (inserts, updates, deletes) will cascade
through the relationship. NHibernate keeps track of what changes were made and when you call Update,
makes all of the necessary changes. Bi-directional means that the relationship can be navigated at
both ends – a SalesPerson has a list of Sales and Sales have a SalesPerson. Notice that the Sales to 
Model relationship IS NOT bi-directional. There was no business value to make sales accessible from a 
Model (although a future requirement from our client could change that).

Setting up our one-to-many relationship between a SalesPerson and Sales isn't too complicated. We've 
used a bag because it's the most simple collection (for the most part you can think of it just like 
an ArrayList), told it the name of our property, Sales, and the access strategy. We've also told NBibernate 
to cascade all changes and that the relationship is bi-directionaly (inverse). Inside the bag element, we
tell is that the relationship is to the Sales class and that they key column is named 
SalesPersonId. There's no need to tell NHibernate what table the column lives in; since we already told 
it what class the relationship is to it knows what table to use.

The other end of the relationship is setup by the many-to-one element which again identifies the 
property name, the class name the column of the relationship key and a not-null constraint.

-->