﻿<?xml version="1.0" encoding="utf-8" ?>
<hibernate-mapping xmlns="urn:nhibernate-mapping-2.2" assembly="CodeBetter.Foundations" namespace="CodeBetter.Foundations">
   <class name="Sale" table="Sales" lazy="false">
      <id name="Id" column="Id" type="int" access="field.lowercase-underscore">
         <generator class="native" />
      </id>      
      <property name="Dated" column="Dated" type="DateTime" not-null="true" />
      <property name="Price" column="Price" type="double" not-null="true" />
      <many-to-one name="SalesPerson" class="SalesPerson" column="SalesPersonId" not-null="true"/>      
      <many-to-one name="Model" class="Model" column="ModelId" not-null="true"  />
   </class>
</hibernate-mapping>

<!--
Read general.txt for a breakdown of the common mapping properties found across all three classes.

Look at SalesPerson.hbm.xml for more information on collections.

Here we create a uni-directional relationship to Models via the many-to-one element (it's uni-directional
because the Model mapping file doesn't define the relationship). We tell NHibernate everything it needs
to know: the name of the property, the type of class and the column which holds the foreign key.
-->